timestamp,buyer,seller,product,currency,price,quantity,day
900,,,TOMATOES,XIRECS,5008.0,2,-2
1700,,,TOMATOES,XIRECS,5006.0,3,-2
4000,,,EMERALDS,XIRECS,10008.0,7,-2
4100,,,TOMATOES,XIRECS,5002.0,3,-2
5200,,,EMERALDS,XIRECS,9992.0,5,-2
6700,,,TOMATOES,XIRECS,4988.0,5,-2
7100,,,TOMATOES,XIRECS,5000.0,3,-2
10500,,,EMERALDS,XIRECS,10008.0,5,-2
11200,,,TOMATOES,XIRECS,4985.0,4,-2
11300,,,EMERALDS,XIRECS,9992.0,3,-2
12700,,,TOMATOES,XIRECS,4999.0,2,-2
13600,,,TOMATOES,XIRECS,4991.0,2,-2
14100,,,TOMATOES,XIRECS,4998.0,2,-2
17100,,,TOMATOES,XIRECS,4986.0,4,-2
17800,,,TOMATOES,XIRECS,4986.0,5,-2
18000,,,TOMATOES,XIRECS,4990.0,3,-2
22800,,,EMERALDS,XIRECS,10000.0,6,-2
24000,,,TOMATOES,XIRECS,5001.0,5,-2
27300,,,TOMATOES,XIRECS,4988.0,5,-2
32700,,,TOMATOES,XIRECS,5004.0,3,-2
35600,,,EMERALDS,XIRECS,9992.0,5,-2
38300,,,EMERALDS,XIRECS,10008.0,4,-2
38800,,,EMERALDS,XIRECS,9992.0,6,-2
39000,,,TOMATOES,XIRECS,5005.0,5,-2
41700,,,TOMATOES,XIRECS,4989.0,2,-2
42100,,,EMERALDS,XIRECS,10008.0,8,-2
43200,,,TOMATOES,XIRECS,4991.0,3,-2
45700,,,EMERALDS,XIRECS,10008.0,4,-2
47000,,,EMERALDS,XIRECS,10008.0,4,-2
51500,,,TOMATOES,XIRECS,4998.0,2,-2
53500,,,EMERALDS,XIRECS,9992.0,6,-2
62900,,,EMERALDS,XIRECS,10008.0,5,-2
65000,,,TOMATOES,XIRECS,5017.0,5,-2
65500,,,EMERALDS,XIRECS,9992.0,5,-2
67000,,,TOMATOES,XIRECS,5020.0,5,-2
68300,,,TOMATOES,XIRECS,5021.0,2,-2
68700,,,TOMATOES,XIRECS,5020.0,4,-2
69000,,,TOMATOES,XIRECS,5005.0,5,-2
73400,,,TOMATOES,XIRECS,5022.0,5,-2
84300,,,EMERALDS,XIRECS,9992.0,8,-2
91000,,,EMERALDS,XIRECS,10008.0,3,-2
92800,,,EMERALDS,XIRECS,9992.0,6,-2
93000,,,TOMATOES,XIRECS,5011.0,5,-2
93300,,,TOMATOES,XIRECS,5010.0,3,-2
98800,,,TOMATOES,XIRECS,5024.0,3,-2
99600,,,TOMATOES,XIRECS,5024.0,4,-2
103000,,,TOMATOES,XIRECS,5013.0,3,-2
104300,,,EMERALDS,XIRECS,10008.0,6,-2
104600,,,TOMATOES,XIRECS,5012.0,3,-2
111900,,,EMERALDS,XIRECS,9992.0,7,-2
112000,,,TOMATOES,XIRECS,5016.0,5,-2
114400,,,TOMATOES,XIRECS,5014.0,2,-2
115300,,,TOMATOES,XIRECS,5013.0,4,-2
115500,,,TOMATOES,XIRECS,5025.0,3,-2
116900,,,TOMATOES,XIRECS,5017.0,3,-2
117800,,,TOMATOES,XIRECS,5018.0,3,-2
119100,,,TOMATOES,XIRECS,5024.0,5,-2
120700,,,EMERALDS,XIRECS,9992.0,8,-2
120700,,,TOMATOES,XIRECS,5024.0,2,-2
121200,,,TOMATOES,XIRECS,5011.0,5,-2
121800,,,TOMATOES,XIRECS,5027.0,4,-2
122400,,,TOMATOES,XIRECS,5029.0,5,-2
123000,,,EMERALDS,XIRECS,9992.0,8,-2
125300,,,TOMATOES,XIRECS,5012.0,4,-2
125900,,,EMERALDS,XIRECS,9992.0,4,-2
127200,,,EMERALDS,XIRECS,10008.0,7,-2
127400,,,TOMATOES,XIRECS,5011.0,2,-2
129700,,,EMERALDS,XIRECS,9992.0,3,-2
131400,,,TOMATOES,XIRECS,5020.0,2,-2
131900,,,TOMATOES,XIRECS,5019.0,2,-2
132600,,,EMERALDS,XIRECS,10008.0,5,-2
133800,,,TOMATOES,XIRECS,5016.0,2,-2
137000,,,TOMATOES,XIRECS,5003.0,4,-2
139800,,,TOMATOES,XIRECS,5014.0,3,-2
140400,,,EMERALDS,XIRECS,10008.0,8,-2
140600,,,EMERALDS,XIRECS,9992.0,5,-2
143400,,,TOMATOES,XIRECS,5000.0,2,-2
143800,,,EMERALDS,XIRECS,10008.0,5,-2
147200,,,TOMATOES,XIRECS,5009.0,4,-2
147600,,,TOMATOES,XIRECS,5008.0,4,-2
149200,,,EMERALDS,XIRECS,9992.0,8,-2
153300,,,TOMATOES,XIRECS,4996.0,3,-2
156400,,,EMERALDS,XIRECS,9992.0,6,-2
157200,,,TOMATOES,XIRECS,5007.0,3,-2
158700,,,TOMATOES,XIRECS,4991.0,2,-2
159600,,,EMERALDS,XIRECS,9992.0,8,-2
159700,,,EMERALDS,XIRECS,10008.0,8,-2
159900,,,EMERALDS,XIRECS,10008.0,8,-2
164000,,,EMERALDS,XIRECS,9992.0,3,-2
164200,,,TOMATOES,XIRECS,4988.0,5,-2
165500,,,TOMATOES,XIRECS,4991.0,3,-2
165700,,,TOMATOES,XIRECS,4990.0,3,-2
167200,,,TOMATOES,XIRECS,4992.0,2,-2
168900,,,TOMATOES,XIRECS,5006.0,2,-2
174400,,,TOMATOES,XIRECS,4991.0,5,-2
175800,,,TOMATOES,XIRECS,5001.0,5,-2
177100,,,TOMATOES,XIRECS,4988.0,3,-2
178600,,,EMERALDS,XIRECS,9992.0,5,-2
179200,,,TOMATOES,XIRECS,5000.0,2,-2
179400,,,TOMATOES,XIRECS,5000.0,2,-2
182800,,,TOMATOES,XIRECS,5001.0,5,-2
183100,,,TOMATOES,XIRECS,4986.0,2,-2
183700,,,TOMATOES,XIRECS,4986.0,4,-2
183900,,,TOMATOES,XIRECS,5000.0,2,-2
184800,,,TOMATOES,XIRECS,4991.0,2,-2
185200,,,TOMATOES,XIRECS,4985.0,4,-2
187600,,,TOMATOES,XIRECS,4989.0,4,-2
188000,,,TOMATOES,XIRECS,5002.0,3,-2
191400,,,TOMATOES,XIRECS,5003.0,5,-2
192400,,,TOMATOES,XIRECS,4991.0,5,-2
192900,,,EMERALDS,XIRECS,10008.0,8,-2
193400,,,TOMATOES,XIRECS,5005.0,2,-2
193500,,,TOMATOES,XIRECS,4991.0,3,-2
193700,,,EMERALDS,XIRECS,9992.0,5,-2
194100,,,EMERALDS,XIRECS,9992.0,5,-2
197100,,,TOMATOES,XIRECS,4991.0,3,-2
202400,,,TOMATOES,XIRECS,4993.0,5,-2
203900,,,TOMATOES,XIRECS,5007.0,5,-2
204100,,,TOMATOES,XIRECS,5007.0,3,-2
207600,,,EMERALDS,XIRECS,10008.0,3,-2
209300,,,EMERALDS,XIRECS,10000.0,3,-2
209300,,,TOMATOES,XIRECS,4996.0,4,-2
209600,,,TOMATOES,XIRECS,4995.0,2,-2
209900,,,EMERALDS,XIRECS,9992.0,8,-2
210200,,,TOMATOES,XIRECS,4995.0,4,-2
211000,,,TOMATOES,XIRECS,4996.0,4,-2
211800,,,TOMATOES,XIRECS,5009.0,2,-2
211900,,,EMERALDS,XIRECS,9992.0,6,-2
211900,,,TOMATOES,XIRECS,4996.0,4,-2
215200,,,EMERALDS,XIRECS,9992.0,7,-2
217300,,,EMERALDS,XIRECS,9992.0,3,-2
217700,,,TOMATOES,XIRECS,5005.0,3,-2
218700,,,TOMATOES,XIRECS,4991.0,4,-2
225900,,,TOMATOES,XIRECS,5006.0,3,-2
232400,,,EMERALDS,XIRECS,9992.0,5,-2
233400,,,TOMATOES,XIRECS,5004.0,2,-2
233500,,,TOMATOES,XIRECS,4990.0,2,-2
233700,,,TOMATOES,XIRECS,4990.0,4,-2
235100,,,TOMATOES,XIRECS,4991.0,5,-2
236900,,,EMERALDS,XIRECS,9992.0,6,-2
243000,,,TOMATOES,XIRECS,4988.0,3,-2
244200,,,EMERALDS,XIRECS,9992.0,3,-2
245500,,,TOMATOES,XIRECS,5002.0,5,-2
247400,,,TOMATOES,XIRECS,4991.0,4,-2
250200,,,TOMATOES,XIRECS,4992.0,3,-2
255300,,,EMERALDS,XIRECS,9992.0,6,-2
255800,,,TOMATOES,XIRECS,4997.0,3,-2
257600,,,TOMATOES,XIRECS,4989.0,2,-2
258100,,,TOMATOES,XIRECS,5002.0,3,-2
258200,,,TOMATOES,XIRECS,5002.0,4,-2
259000,,,TOMATOES,XIRECS,5001.0,3,-2
259700,,,TOMATOES,XIRECS,4988.0,2,-2
259900,,,TOMATOES,XIRECS,5002.0,3,-2
260200,,,TOMATOES,XIRECS,4989.0,3,-2
260800,,,TOMATOES,XIRECS,4989.0,4,-2
261400,,,EMERALDS,XIRECS,10008.0,3,-2
263300,,,EMERALDS,XIRECS,9992.0,3,-2
263400,,,TOMATOES,XIRECS,5004.0,2,-2
263500,,,TOMATOES,XIRECS,4991.0,3,-2
264200,,,EMERALDS,XIRECS,9992.0,3,-2
271100,,,EMERALDS,XIRECS,10008.0,3,-2
272600,,,TOMATOES,XIRECS,5008.0,4,-2
273100,,,EMERALDS,XIRECS,9992.0,6,-2
274200,,,TOMATOES,XIRECS,5012.0,2,-2
275200,,,TOMATOES,XIRECS,5013.0,2,-2
275500,,,TOMATOES,XIRECS,5013.0,2,-2
276900,,,TOMATOES,XIRECS,4998.0,4,-2
277700,,,EMERALDS,XIRECS,10000.0,5,-2
278500,,,EMERALDS,XIRECS,10008.0,5,-2
280900,,,TOMATOES,XIRECS,5008.0,4,-2
281200,,,TOMATOES,XIRECS,5016.0,5,-2
282200,,,TOMATOES,XIRECS,5016.0,4,-2
283400,,,TOMATOES,XIRECS,5001.0,5,-2
286300,,,TOMATOES,XIRECS,5002.0,2,-2
289600,,,EMERALDS,XIRECS,10008.0,4,-2
289600,,,TOMATOES,XIRECS,4995.0,3,-2
292200,,,TOMATOES,XIRECS,5008.0,5,-2
298300,,,TOMATOES,XIRECS,5008.0,3,-2
298800,,,EMERALDS,XIRECS,10008.0,5,-2
302300,,,EMERALDS,XIRECS,10008.0,5,-2
305800,,,EMERALDS,XIRECS,10008.0,7,-2
307300,,,TOMATOES,XIRECS,4998.0,4,-2
307700,,,EMERALDS,XIRECS,10008.0,4,-2
308300,,,EMERALDS,XIRECS,9992.0,5,-2
308400,,,EMERALDS,XIRECS,10008.0,6,-2
308500,,,EMERALDS,XIRECS,9992.0,4,-2
311300,,,TOMATOES,XIRECS,4996.0,3,-2
311600,,,TOMATOES,XIRECS,4996.0,4,-2
313700,,,TOMATOES,XIRECS,5009.0,4,-2
316800,,,TOMATOES,XIRECS,5010.0,4,-2
322400,,,TOMATOES,XIRECS,5013.0,5,-2
322500,,,TOMATOES,XIRECS,4999.0,3,-2
324200,,,EMERALDS,XIRECS,9992.0,4,-2
324400,,,EMERALDS,XIRECS,10008.0,4,-2
324600,,,EMERALDS,XIRECS,10008.0,6,-2
325400,,,EMERALDS,XIRECS,9992.0,4,-2
330500,,,TOMATOES,XIRECS,5006.0,3,-2
331600,,,EMERALDS,XIRECS,9992.0,6,-2
332500,,,EMERALDS,XIRECS,9992.0,4,-2
332500,,,TOMATOES,XIRECS,5007.0,4,-2
332600,,,TOMATOES,XIRECS,5020.0,4,-2
334400,,,TOMATOES,XIRECS,5021.0,3,-2
335100,,,TOMATOES,XIRECS,5021.0,5,-2
335500,,,EMERALDS,XIRECS,10008.0,4,-2
337000,,,TOMATOES,XIRECS,5023.0,4,-2
340000,,,TOMATOES,XIRECS,5008.0,4,-2
342000,,,TOMATOES,XIRECS,5005.0,2,-2
345300,,,EMERALDS,XIRECS,9992.0,5,-2
345400,,,TOMATOES,XIRECS,5020.0,5,-2
349400,,,TOMATOES,XIRECS,5007.0,3,-2
350400,,,EMERALDS,XIRECS,9992.0,3,-2
351100,,,TOMATOES,XIRECS,5008.0,5,-2
355700,,,EMERALDS,XIRECS,9992.0,8,-2
356100,,,TOMATOES,XIRECS,5024.0,2,-2
357700,,,TOMATOES,XIRECS,5010.0,5,-2
359800,,,TOMATOES,XIRECS,5010.0,4,-2
363300,,,EMERALDS,XIRECS,10008.0,6,-2
367500,,,TOMATOES,XIRECS,5010.0,5,-2
368900,,,TOMATOES,XIRECS,5008.0,3,-2
370300,,,TOMATOES,XIRECS,5020.0,5,-2
372000,,,TOMATOES,XIRECS,5008.0,2,-2
375700,,,TOMATOES,XIRECS,5013.0,5,-2
376600,,,EMERALDS,XIRECS,10008.0,5,-2
376700,,,TOMATOES,XIRECS,5009.0,2,-2
380500,,,TOMATOES,XIRECS,5008.0,2,-2
382300,,,TOMATOES,XIRECS,5011.0,5,-2
382700,,,TOMATOES,XIRECS,5024.0,4,-2
384000,,,TOMATOES,XIRECS,5024.0,4,-2
386800,,,TOMATOES,XIRECS,5021.0,5,-2
390300,,,TOMATOES,XIRECS,5018.0,5,-2
392600,,,EMERALDS,XIRECS,9992.0,6,-2
394300,,,TOMATOES,XIRECS,5016.0,3,-2
396600,,,EMERALDS,XIRECS,9992.0,7,-2
397900,,,TOMATOES,XIRECS,5012.0,2,-2
398700,,,EMERALDS,XIRECS,10008.0,8,-2
402300,,,EMERALDS,XIRECS,10008.0,6,-2
404400,,,TOMATOES,XIRECS,5012.0,5,-2
404800,,,EMERALDS,XIRECS,10008.0,5,-2
408800,,,EMERALDS,XIRECS,10008.0,7,-2
411200,,,TOMATOES,XIRECS,5015.0,2,-2
413000,,,EMERALDS,XIRECS,10008.0,4,-2
413600,,,EMERALDS,XIRECS,9992.0,8,-2
413900,,,TOMATOES,XIRECS,5002.0,2,-2
414000,,,EMERALDS,XIRECS,9992.0,7,-2
415800,,,TOMATOES,XIRECS,5011.0,5,-2
417900,,,TOMATOES,XIRECS,5009.0,4,-2
419700,,,EMERALDS,XIRECS,9992.0,4,-2
420800,,,EMERALDS,XIRECS,9992.0,7,-2
422300,,,TOMATOES,XIRECS,5020.0,4,-2
426300,,,TOMATOES,XIRECS,5004.0,2,-2
427500,,,TOMATOES,XIRECS,5014.0,5,-2
428600,,,TOMATOES,XIRECS,5016.0,5,-2
429100,,,EMERALDS,XIRECS,10008.0,8,-2
429500,,,TOMATOES,XIRECS,5003.0,3,-2
431000,,,TOMATOES,XIRECS,5014.0,3,-2
431500,,,TOMATOES,XIRECS,5015.0,2,-2
431900,,,TOMATOES,XIRECS,5001.0,4,-2
432700,,,TOMATOES,XIRECS,5000.0,3,-2
432900,,,TOMATOES,XIRECS,5014.0,5,-2
434900,,,TOMATOES,XIRECS,5003.0,3,-2
435100,,,TOMATOES,XIRECS,5016.0,4,-2
436600,,,EMERALDS,XIRECS,10008.0,4,-2
437300,,,TOMATOES,XIRECS,5002.0,4,-2
442000,,,TOMATOES,XIRECS,4998.0,2,-2
443900,,,TOMATOES,XIRECS,5011.0,2,-2
445800,,,TOMATOES,XIRECS,4999.0,5,-2
450300,,,TOMATOES,XIRECS,4998.0,3,-2
452300,,,TOMATOES,XIRECS,4997.0,2,-2
452400,,,TOMATOES,XIRECS,5011.0,5,-2
453100,,,TOMATOES,XIRECS,4998.0,3,-2
456000,,,EMERALDS,XIRECS,10008.0,8,-2
457800,,,EMERALDS,XIRECS,9992.0,8,-2
459000,,,TOMATOES,XIRECS,5007.0,5,-2
459200,,,TOMATOES,XIRECS,5006.0,3,-2
459700,,,EMERALDS,XIRECS,10008.0,8,-2
460900,,,TOMATOES,XIRECS,4992.0,4,-2
463900,,,TOMATOES,XIRECS,5008.0,5,-2
469700,,,TOMATOES,XIRECS,4991.0,2,-2
473100,,,EMERALDS,XIRECS,10008.0,6,-2
474600,,,TOMATOES,XIRECS,4994.0,2,-2
475300,,,TOMATOES,XIRECS,5008.0,2,-2
479300,,,TOMATOES,XIRECS,5003.0,4,-2
480500,,,TOMATOES,XIRECS,5005.0,4,-2
485700,,,TOMATOES,XIRECS,5000.0,5,-2
488400,,,TOMATOES,XIRECS,4987.0,4,-2
488900,,,TOMATOES,XIRECS,4986.0,5,-2
490800,,,TOMATOES,XIRECS,4986.0,5,-2
491600,,,EMERALDS,XIRECS,9992.0,5,-2
491900,,,EMERALDS,XIRECS,9992.0,5,-2
492400,,,TOMATOES,XIRECS,5002.0,4,-2
493300,,,EMERALDS,XIRECS,9992.0,6,-2
496700,,,TOMATOES,XIRECS,4984.0,5,-2
497600,,,TOMATOES,XIRECS,4993.0,2,-2
497900,,,TOMATOES,XIRECS,4985.0,3,-2
499000,,,TOMATOES,XIRECS,4987.0,4,-2
502900,,,TOMATOES,XIRECS,4999.0,4,-2
504900,,,TOMATOES,XIRECS,4998.0,4,-2
506800,,,TOMATOES,XIRECS,4986.0,3,-2
507200,,,EMERALDS,XIRECS,9992.0,6,-2
511100,,,TOMATOES,XIRECS,4987.0,4,-2
517600,,,EMERALDS,XIRECS,9992.0,6,-2
517700,,,EMERALDS,XIRECS,10008.0,3,-2
520600,,,TOMATOES,XIRECS,5001.0,4,-2
521000,,,EMERALDS,XIRECS,10008.0,4,-2
522600,,,TOMATOES,XIRECS,4988.0,5,-2
524100,,,EMERALDS,XIRECS,9992.0,4,-2
527600,,,EMERALDS,XIRECS,9992.0,4,-2
527700,,,TOMATOES,XIRECS,4984.0,5,-2
529400,,,TOMATOES,XIRECS,4988.0,3,-2
529600,,,EMERALDS,XIRECS,9992.0,3,-2
535200,,,EMERALDS,XIRECS,9992.0,3,-2
536100,,,TOMATOES,XIRECS,5007.0,5,-2
540000,,,TOMATOES,XIRECS,4996.0,5,-2
540700,,,TOMATOES,XIRECS,5003.0,3,-2
544200,,,TOMATOES,XIRECS,4998.0,3,-2
545500,,,TOMATOES,XIRECS,5001.0,5,-2
548300,,,TOMATOES,XIRECS,5013.0,4,-2
549100,,,EMERALDS,XIRECS,10008.0,6,-2
551500,,,EMERALDS,XIRECS,9992.0,5,-2
553700,,,TOMATOES,XIRECS,5012.0,4,-2
554300,,,TOMATOES,XIRECS,4998.0,3,-2
562200,,,EMERALDS,XIRECS,10008.0,7,-2
563000,,,TOMATOES,XIRECS,5011.0,5,-2
566200,,,EMERALDS,XIRECS,9992.0,5,-2
567100,,,TOMATOES,XIRECS,4992.0,2,-2
568600,,,TOMATOES,XIRECS,4989.0,4,-2
569200,,,EMERALDS,XIRECS,10008.0,4,-2
576300,,,EMERALDS,XIRECS,9992.0,8,-2
576300,,,TOMATOES,XIRECS,5008.0,4,-2
588900,,,EMERALDS,XIRECS,9992.0,5,-2
591600,,,TOMATOES,XIRECS,4993.0,3,-2
592000,,,TOMATOES,XIRECS,5006.0,5,-2
592200,,,EMERALDS,XIRECS,10008.0,3,-2
593000,,,TOMATOES,XIRECS,5008.0,2,-2
593200,,,EMERALDS,XIRECS,10008.0,5,-2
595200,,,EMERALDS,XIRECS,10008.0,6,-2
596300,,,EMERALDS,XIRECS,9992.0,3,-2
598100,,,EMERALDS,XIRECS,10008.0,5,-2
602100,,,TOMATOES,XIRECS,5000.0,4,-2
602500,,,TOMATOES,XIRECS,5015.0,3,-2
603300,,,TOMATOES,XIRECS,5017.0,2,-2
604600,,,EMERALDS,XIRECS,10008.0,7,-2
608700,,,TOMATOES,XIRECS,5012.0,5,-2
609700,,,TOMATOES,XIRECS,4996.0,2,-2
610200,,,TOMATOES,XIRECS,5006.0,4,-2
611100,,,EMERALDS,XIRECS,9992.0,6,-2
611300,,,TOMATOES,XIRECS,5013.0,4,-2
616700,,,TOMATOES,XIRECS,5003.0,4,-2
616900,,,EMERALDS,XIRECS,9992.0,7,-2
619000,,,EMERALDS,XIRECS,9992.0,5,-2
619700,,,TOMATOES,XIRECS,5009.0,3,-2
624900,,,TOMATOES,XIRECS,4996.0,4,-2
625800,,,TOMATOES,XIRECS,5008.0,5,-2
626200,,,TOMATOES,XIRECS,4996.0,5,-2
626500,,,TOMATOES,XIRECS,5010.0,4,-2
627400,,,EMERALDS,XIRECS,9992.0,7,-2
632600,,,EMERALDS,XIRECS,10008.0,7,-2
633400,,,EMERALDS,XIRECS,9992.0,4,-2
635000,,,EMERALDS,XIRECS,10008.0,6,-2
636300,,,EMERALDS,XIRECS,9992.0,8,-2
636900,,,TOMATOES,XIRECS,5014.0,4,-2
637100,,,EMERALDS,XIRECS,9992.0,5,-2
643800,,,TOMATOES,XIRECS,5015.0,5,-2
645600,,,TOMATOES,XIRECS,5019.0,5,-2
646000,,,TOMATOES,XIRECS,5020.0,3,-2
650600,,,EMERALDS,XIRECS,9992.0,4,-2
651300,,,EMERALDS,XIRECS,10008.0,5,-2
655400,,,EMERALDS,XIRECS,9992.0,7,-2
656300,,,EMERALDS,XIRECS,9992.0,4,-2
661500,,,EMERALDS,XIRECS,10008.0,3,-2
662600,,,EMERALDS,XIRECS,9992.0,6,-2
663000,,,EMERALDS,XIRECS,10008.0,8,-2
665700,,,EMERALDS,XIRECS,9992.0,4,-2
665700,,,TOMATOES,XIRECS,5012.0,2,-2
666400,,,TOMATOES,XIRECS,5014.0,5,-2
669400,,,TOMATOES,XIRECS,5011.0,3,-2
672600,,,TOMATOES,XIRECS,5005.0,2,-2
673200,,,TOMATOES,XIRECS,5019.0,5,-2
673800,,,TOMATOES,XIRECS,5014.0,2,-2
673800,,,TOMATOES,XIRECS,5020.0,5,-2
674200,,,TOMATOES,XIRECS,5018.0,5,-2
674500,,,EMERALDS,XIRECS,10008.0,8,-2
675500,,,TOMATOES,XIRECS,5016.0,5,-2
677900,,,EMERALDS,XIRECS,10008.0,6,-2
678500,,,EMERALDS,XIRECS,9992.0,6,-2
678800,,,EMERALDS,XIRECS,9992.0,7,-2
681200,,,TOMATOES,XIRECS,5001.0,2,-2
682100,,,EMERALDS,XIRECS,9992.0,4,-2
684400,,,TOMATOES,XIRECS,5012.0,3,-2
684800,,,TOMATOES,XIRECS,5000.0,5,-2
685300,,,EMERALDS,XIRECS,10008.0,3,-2
685600,,,EMERALDS,XIRECS,9992.0,3,-2
686700,,,TOMATOES,XIRECS,4998.0,3,-2
687300,,,TOMATOES,XIRECS,5010.0,4,-2
688200,,,TOMATOES,XIRECS,4995.0,3,-2
690000,,,TOMATOES,XIRECS,4992.0,2,-2
690400,,,TOMATOES,XIRECS,5004.0,3,-2
691700,,,TOMATOES,XIRECS,4989.0,4,-2
697900,,,TOMATOES,XIRECS,5002.0,5,-2
698000,,,EMERALDS,XIRECS,10008.0,3,-2
698400,,,TOMATOES,XIRECS,4988.0,3,-2
701300,,,TOMATOES,XIRECS,4987.0,5,-2
702600,,,TOMATOES,XIRECS,5000.0,3,-2
703300,,,EMERALDS,XIRECS,9992.0,4,-2
707100,,,EMERALDS,XIRECS,9992.0,6,-2
707500,,,EMERALDS,XIRECS,9992.0,4,-2
709000,,,TOMATOES,XIRECS,4988.0,3,-2
709100,,,TOMATOES,XIRECS,4989.0,2,-2
711900,,,TOMATOES,XIRECS,4993.0,4,-2
714700,,,TOMATOES,XIRECS,5008.0,4,-2
714800,,,TOMATOES,XIRECS,5009.0,4,-2
718700,,,TOMATOES,XIRECS,4999.0,2,-2
721700,,,TOMATOES,XIRECS,4998.0,2,-2
722900,,,TOMATOES,XIRECS,4997.0,5,-2
723200,,,TOMATOES,XIRECS,5010.0,4,-2
724400,,,TOMATOES,XIRECS,4995.0,3,-2
727100,,,EMERALDS,XIRECS,9992.0,6,-2
727800,,,TOMATOES,XIRECS,4996.0,4,-2
731400,,,TOMATOES,XIRECS,5011.0,4,-2
731700,,,EMERALDS,XIRECS,10008.0,4,-2
735200,,,TOMATOES,XIRECS,5003.0,4,-2
735300,,,TOMATOES,XIRECS,5012.0,5,-2
737600,,,TOMATOES,XIRECS,5011.0,4,-2
737700,,,TOMATOES,XIRECS,4997.0,2,-2
738800,,,TOMATOES,XIRECS,5011.0,2,-2
739000,,,TOMATOES,XIRECS,4998.0,4,-2
740700,,,TOMATOES,XIRECS,5010.0,5,-2
741900,,,EMERALDS,XIRECS,10008.0,5,-2
744900,,,EMERALDS,XIRECS,10008.0,3,-2
745000,,,EMERALDS,XIRECS,10008.0,8,-2
745700,,,TOMATOES,XIRECS,5008.0,2,-2
748000,,,TOMATOES,XIRECS,4995.0,3,-2
748600,,,EMERALDS,XIRECS,9992.0,8,-2
750000,,,TOMATOES,XIRECS,4995.0,2,-2
753400,,,TOMATOES,XIRECS,4996.0,4,-2
757800,,,TOMATOES,XIRECS,5009.0,3,-2
758400,,,TOMATOES,XIRECS,4997.0,5,-2
760600,,,TOMATOES,XIRECS,4995.0,3,-2
761000,,,EMERALDS,XIRECS,10008.0,8,-2
766500,,,EMERALDS,XIRECS,10008.0,3,-2
767000,,,TOMATOES,XIRECS,5005.0,2,-2
767700,,,TOMATOES,XIRECS,5007.0,3,-2
767900,,,TOMATOES,XIRECS,5007.0,3,-2
768400,,,TOMATOES,XIRECS,5007.0,3,-2
771200,,,TOMATOES,XIRECS,5007.0,2,-2
773400,,,TOMATOES,XIRECS,5022.0,4,-2
775500,,,TOMATOES,XIRECS,5024.0,4,-2
776500,,,TOMATOES,XIRECS,5015.0,2,-2
778600,,,TOMATOES,XIRECS,5012.0,3,-2
780900,,,TOMATOES,XIRECS,5026.0,3,-2
783400,,,EMERALDS,XIRECS,10008.0,7,-2
784200,,,TOMATOES,XIRECS,5023.0,3,-2
786500,,,TOMATOES,XIRECS,5023.0,3,-2
792000,,,EMERALDS,XIRECS,10008.0,4,-2
793300,,,TOMATOES,XIRECS,5025.0,5,-2
796100,,,TOMATOES,XIRECS,5025.0,5,-2
797300,,,TOMATOES,XIRECS,5025.0,2,-2
797800,,,EMERALDS,XIRECS,9992.0,8,-2
799100,,,TOMATOES,XIRECS,5028.0,5,-2
799300,,,TOMATOES,XIRECS,5015.0,4,-2
800400,,,TOMATOES,XIRECS,5026.0,3,-2
803000,,,TOMATOES,XIRECS,5025.0,3,-2
806200,,,EMERALDS,XIRECS,9992.0,7,-2
808200,,,TOMATOES,XIRECS,5015.0,4,-2
808900,,,EMERALDS,XIRECS,9992.0,3,-2
808900,,,TOMATOES,XIRECS,5023.0,3,-2
811500,,,EMERALDS,XIRECS,9992.0,5,-2
811900,,,TOMATOES,XIRECS,5027.0,5,-2
814600,,,TOMATOES,XIRECS,5025.0,3,-2
815100,,,TOMATOES,XIRECS,5033.0,5,-2
815300,,,TOMATOES,XIRECS,5034.0,2,-2
817800,,,EMERALDS,XIRECS,9992.0,4,-2
818800,,,TOMATOES,XIRECS,5024.0,2,-2
822100,,,EMERALDS,XIRECS,9992.0,4,-2
822100,,,TOMATOES,XIRECS,5023.0,5,-2
822200,,,TOMATOES,XIRECS,5023.0,3,-2
822500,,,EMERALDS,XIRECS,10008.0,7,-2
822700,,,EMERALDS,XIRECS,10008.0,7,-2
823100,,,EMERALDS,XIRECS,10008.0,3,-2
824000,,,EMERALDS,XIRECS,9992.0,6,-2
825300,,,TOMATOES,XIRECS,5034.0,4,-2
826800,,,EMERALDS,XIRECS,9992.0,6,-2
829300,,,TOMATOES,XIRECS,5018.0,3,-2
830400,,,TOMATOES,XIRECS,5032.0,4,-2
833200,,,TOMATOES,XIRECS,5016.0,3,-2
833500,,,TOMATOES,XIRECS,5031.0,5,-2
834700,,,EMERALDS,XIRECS,10008.0,8,-2
837600,,,EMERALDS,XIRECS,10008.0,7,-2
839200,,,EMERALDS,XIRECS,10008.0,3,-2
845200,,,TOMATOES,XIRECS,5011.0,2,-2
846300,,,TOMATOES,XIRECS,5011.0,2,-2
846400,,,TOMATOES,XIRECS,5011.0,4,-2
848000,,,EMERALDS,XIRECS,10008.0,7,-2
848300,,,TOMATOES,XIRECS,5011.0,5,-2
849500,,,EMERALDS,XIRECS,9992.0,6,-2
851000,,,EMERALDS,XIRECS,10008.0,7,-2
851300,,,TOMATOES,XIRECS,5015.0,5,-2
853700,,,TOMATOES,XIRECS,5029.0,5,-2
855100,,,TOMATOES,XIRECS,5017.0,4,-2
856000,,,TOMATOES,XIRECS,5032.0,2,-2
856600,,,TOMATOES,XIRECS,5032.0,4,-2
858500,,,TOMATOES,XIRECS,5033.0,5,-2
860200,,,TOMATOES,XIRECS,5019.0,2,-2
860400,,,TOMATOES,XIRECS,5033.0,5,-2
861500,,,TOMATOES,XIRECS,5020.0,3,-2
862300,,,TOMATOES,XIRECS,5021.0,5,-2
864100,,,TOMATOES,XIRECS,5023.0,5,-2
864900,,,EMERALDS,XIRECS,9992.0,5,-2
864900,,,TOMATOES,XIRECS,5038.0,4,-2
867700,,,TOMATOES,XIRECS,5038.0,5,-2
868200,,,EMERALDS,XIRECS,9992.0,5,-2
868300,,,TOMATOES,XIRECS,5039.0,5,-2
868600,,,TOMATOES,XIRECS,5025.0,4,-2
870400,,,EMERALDS,XIRECS,10008.0,7,-2
871800,,,TOMATOES,XIRECS,5018.0,5,-2
873300,,,TOMATOES,XIRECS,5033.0,3,-2
876000,,,TOMATOES,XIRECS,5018.0,2,-2
884000,,,TOMATOES,XIRECS,5021.0,2,-2
884100,,,TOMATOES,XIRECS,5021.0,4,-2
886000,,,TOMATOES,XIRECS,5022.0,5,-2
886600,,,TOMATOES,XIRECS,5036.0,2,-2
889100,,,TOMATOES,XIRECS,5022.0,2,-2
889900,,,TOMATOES,XIRECS,5023.0,4,-2
890100,,,TOMATOES,XIRECS,5023.0,3,-2
891100,,,TOMATOES,XIRECS,5021.0,2,-2
891200,,,EMERALDS,XIRECS,10008.0,8,-2
893200,,,TOMATOES,XIRECS,5021.0,4,-2
894700,,,TOMATOES,XIRECS,5038.0,5,-2
895400,,,TOMATOES,XIRECS,5031.0,5,-2
896700,,,TOMATOES,XIRECS,5031.0,6,-2
898100,,,TOMATOES,XIRECS,5040.0,4,-2
898300,,,TOMATOES,XIRECS,5040.0,4,-2
900000,,,TOMATOES,XIRECS,5037.0,3,-2
901700,,,TOMATOES,XIRECS,5024.0,3,-2
902600,,,TOMATOES,XIRECS,5024.0,2,-2
906300,,,TOMATOES,XIRECS,5037.0,5,-2
906500,,,TOMATOES,XIRECS,5038.0,3,-2
909600,,,EMERALDS,XIRECS,10008.0,3,-2
910000,,,TOMATOES,XIRECS,5020.0,4,-2
910800,,,TOMATOES,XIRECS,5020.0,4,-2
912100,,,TOMATOES,XIRECS,5017.0,3,-2
913500,,,TOMATOES,XIRECS,5015.0,5,-2
916800,,,TOMATOES,XIRECS,5020.0,5,-2
919800,,,EMERALDS,XIRECS,10008.0,3,-2
923000,,,TOMATOES,XIRECS,5019.0,2,-2
927400,,,EMERALDS,XIRECS,9992.0,5,-2
928900,,,TOMATOES,XIRECS,5020.0,5,-2
932900,,,EMERALDS,XIRECS,10008.0,5,-2
937200,,,TOMATOES,XIRECS,5032.0,4,-2
940200,,,EMERALDS,XIRECS,10008.0,7,-2
941100,,,TOMATOES,XIRECS,5019.0,5,-2
942400,,,EMERALDS,XIRECS,9992.0,6,-2
943600,,,EMERALDS,XIRECS,9992.0,6,-2
945100,,,TOMATOES,XIRECS,5028.0,4,-2
947200,,,EMERALDS,XIRECS,10008.0,4,-2
949400,,,EMERALDS,XIRECS,10008.0,6,-2
949800,,,TOMATOES,XIRECS,5020.0,5,-2
950000,,,EMERALDS,XIRECS,10008.0,8,-2
950300,,,TOMATOES,XIRECS,5008.0,2,-2
950600,,,TOMATOES,XIRECS,5006.0,2,-2
952400,,,EMERALDS,XIRECS,9992.0,6,-2
954600,,,EMERALDS,XIRECS,10008.0,5,-2
957400,,,EMERALDS,XIRECS,10008.0,8,-2
957800,,,TOMATOES,XIRECS,5020.0,2,-2
958200,,,TOMATOES,XIRECS,5007.0,4,-2
960300,,,EMERALDS,XIRECS,10008.0,4,-2
961000,,,TOMATOES,XIRECS,5017.0,5,-2
961100,,,TOMATOES,XIRECS,5003.0,5,-2
962800,,,TOMATOES,XIRECS,5003.0,2,-2
965400,,,TOMATOES,XIRECS,5002.0,4,-2
966900,,,EMERALDS,XIRECS,10008.0,6,-2
968300,,,TOMATOES,XIRECS,5015.0,4,-2
969000,,,EMERALDS,XIRECS,10008.0,3,-2
969000,,,TOMATOES,XIRECS,5016.0,2,-2
969800,,,TOMATOES,XIRECS,5017.0,2,-2
972700,,,TOMATOES,XIRECS,5016.0,2,-2
973400,,,TOMATOES,XIRECS,5016.0,3,-2
973600,,,TOMATOES,XIRECS,5003.0,2,-2
974800,,,TOMATOES,XIRECS,5002.0,5,-2
976300,,,TOMATOES,XIRECS,5004.0,5,-2
980300,,,TOMATOES,XIRECS,5019.0,3,-2
985400,,,TOMATOES,XIRECS,5016.0,2,-2
985800,,,TOMATOES,XIRECS,5015.0,2,-2
986100,,,TOMATOES,XIRECS,5002.0,5,-2
988600,,,TOMATOES,XIRECS,5004.0,5,-2
989300,,,TOMATOES,XIRECS,5017.0,2,-2
991500,,,TOMATOES,XIRECS,5017.0,2,-2
991700,,,TOMATOES,XIRECS,5004.0,4,-2
3200,,,EMERALDS,XIRECS,9992.0,8,-1
3400,,,TOMATOES,XIRECS,5009.0,2,-1
5000,,,EMERALDS,XIRECS,9992.0,7,-1
7000,,,TOMATOES,XIRECS,5010.0,4,-1
9600,,,TOMATOES,XIRECS,4999.0,5,-1
9900,,,TOMATOES,XIRECS,5000.0,4,-1
16400,,,TOMATOES,XIRECS,4996.0,2,-1
17900,,,TOMATOES,XIRECS,5009.0,2,-1
22200,,,TOMATOES,XIRECS,5005.0,3,-1
23500,,,TOMATOES,XIRECS,4989.0,3,-1
24600,,,TOMATOES,XIRECS,5002.0,5,-1
26100,,,TOMATOES,XIRECS,4988.0,2,-1
31400,,,EMERALDS,XIRECS,10008.0,3,-1
34700,,,TOMATOES,XIRECS,4998.0,4,-1
36400,,,TOMATOES,XIRECS,4986.0,2,-1
36700,,,TOMATOES,XIRECS,4985.0,2,-1
39400,,,TOMATOES,XIRECS,4978.0,2,-1
39900,,,EMERALDS,XIRECS,9992.0,7,-1
42400,,,EMERALDS,XIRECS,9992.0,5,-1
43900,,,TOMATOES,XIRECS,4989.0,5,-1
51300,,,EMERALDS,XIRECS,9992.0,7,-1
52800,,,TOMATOES,XIRECS,4994.0,4,-1
53100,,,TOMATOES,XIRECS,4995.0,2,-1
53600,,,TOMATOES,XIRECS,4996.0,2,-1
54400,,,TOMATOES,XIRECS,4983.0,3,-1
55300,,,EMERALDS,XIRECS,9992.0,6,-1
55700,,,EMERALDS,XIRECS,9992.0,4,-1
59700,,,TOMATOES,XIRECS,4993.0,5,-1
62700,,,EMERALDS,XIRECS,9992.0,8,-1
64100,,,TOMATOES,XIRECS,4984.0,4,-1
66100,,,TOMATOES,XIRECS,4990.0,3,-1
66700,,,EMERALDS,XIRECS,10008.0,7,-1
67300,,,EMERALDS,XIRECS,9992.0,7,-1
70600,,,TOMATOES,XIRECS,4993.0,2,-1
71200,,,TOMATOES,XIRECS,4993.0,2,-1
73500,,,TOMATOES,XIRECS,4982.0,3,-1
73700,,,EMERALDS,XIRECS,9992.0,3,-1
74200,,,TOMATOES,XIRECS,4996.0,3,-1
75200,,,TOMATOES,XIRECS,4982.0,4,-1
78300,,,TOMATOES,XIRECS,4997.0,5,-1
79100,,,TOMATOES,XIRECS,4984.0,5,-1
80300,,,TOMATOES,XIRECS,4985.0,3,-1
80400,,,EMERALDS,XIRECS,9992.0,3,-1
80900,,,TOMATOES,XIRECS,4984.0,2,-1
81000,,,TOMATOES,XIRECS,4984.0,4,-1
81400,,,TOMATOES,XIRECS,4984.0,5,-1
83800,,,EMERALDS,XIRECS,9992.0,7,-1
84500,,,TOMATOES,XIRECS,4979.0,3,-1
85500,,,TOMATOES,XIRECS,4977.0,2,-1
86000,,,TOMATOES,XIRECS,4991.0,5,-1
87600,,,EMERALDS,XIRECS,9992.0,8,-1
93900,,,EMERALDS,XIRECS,10008.0,7,-1
94000,,,TOMATOES,XIRECS,4978.0,3,-1
95100,,,EMERALDS,XIRECS,9992.0,7,-1
96500,,,EMERALDS,XIRECS,10008.0,6,-1
97200,,,TOMATOES,XIRECS,4978.0,4,-1
97500,,,TOMATOES,XIRECS,4978.0,3,-1
98000,,,EMERALDS,XIRECS,9992.0,7,-1
98400,,,EMERALDS,XIRECS,10008.0,7,-1
101200,,,EMERALDS,XIRECS,10008.0,6,-1
101600,,,EMERALDS,XIRECS,10000.0,6,-1
103700,,,EMERALDS,XIRECS,9992.0,5,-1
108000,,,EMERALDS,XIRECS,9992.0,4,-1
110200,,,TOMATOES,XIRECS,4986.0,5,-1
110700,,,EMERALDS,XIRECS,9992.0,6,-1
111900,,,TOMATOES,XIRECS,4986.0,3,-1
112000,,,TOMATOES,XIRECS,4999.0,4,-1
113000,,,TOMATOES,XIRECS,4999.0,4,-1
116300,,,TOMATOES,XIRECS,5001.0,2,-1
120900,,,TOMATOES,XIRECS,4990.0,3,-1
124800,,,TOMATOES,XIRECS,4989.0,2,-1
128400,,,EMERALDS,XIRECS,9992.0,3,-1
128700,,,TOMATOES,XIRECS,4988.0,3,-1
129000,,,TOMATOES,XIRECS,5001.0,2,-1
130500,,,TOMATOES,XIRECS,4985.0,3,-1
130900,,,TOMATOES,XIRECS,4985.0,2,-1
131700,,,EMERALDS,XIRECS,10008.0,8,-1
131900,,,TOMATOES,XIRECS,4999.0,4,-1
132100,,,EMERALDS,XIRECS,9992.0,6,-1
132100,,,TOMATOES,XIRECS,4986.0,4,-1
133400,,,TOMATOES,XIRECS,5001.0,4,-1
133700,,,EMERALDS,XIRECS,10008.0,8,-1
133900,,,EMERALDS,XIRECS,9992.0,3,-1
135500,,,EMERALDS,XIRECS,9992.0,5,-1
135600,,,EMERALDS,XIRECS,9992.0,7,-1
136200,,,TOMATOES,XIRECS,4987.0,4,-1
137600,,,TOMATOES,XIRECS,5001.0,5,-1
141300,,,EMERALDS,XIRECS,9992.0,6,-1
141700,,,TOMATOES,XIRECS,4997.0,5,-1
144200,,,TOMATOES,XIRECS,4986.0,2,-1
146100,,,EMERALDS,XIRECS,10008.0,4,-1
151500,,,TOMATOES,XIRECS,4984.0,2,-1
152000,,,EMERALDS,XIRECS,9992.0,4,-1
153400,,,TOMATOES,XIRECS,4996.0,4,-1
154700,,,EMERALDS,XIRECS,9992.0,6,-1
156700,,,TOMATOES,XIRECS,4997.0,3,-1
157600,,,TOMATOES,XIRECS,4996.0,3,-1
158300,,,EMERALDS,XIRECS,10008.0,3,-1
158900,,,TOMATOES,XIRECS,4976.0,2,-1
159200,,,TOMATOES,XIRECS,4978.0,3,-1
161000,,,TOMATOES,XIRECS,4977.0,3,-1
161800,,,TOMATOES,XIRECS,4976.0,2,-1
162400,,,TOMATOES,XIRECS,4976.0,3,-1
162900,,,TOMATOES,XIRECS,4975.0,5,-1
167300,,,TOMATOES,XIRECS,4982.0,2,-1
168200,,,TOMATOES,XIRECS,4995.0,4,-1
170100,,,EMERALDS,XIRECS,10000.0,6,-1
170800,,,TOMATOES,XIRECS,4982.0,3,-1
176000,,,TOMATOES,XIRECS,4998.0,4,-1
176300,,,TOMATOES,XIRECS,4984.0,3,-1
176900,,,TOMATOES,XIRECS,4985.0,2,-1
180300,,,TOMATOES,XIRECS,4981.0,3,-1
181100,,,TOMATOES,XIRECS,4982.0,4,-1
182600,,,TOMATOES,XIRECS,4981.0,5,-1
182700,,,EMERALDS,XIRECS,10008.0,5,-1
185200,,,TOMATOES,XIRECS,4997.0,3,-1
187100,,,TOMATOES,XIRECS,5000.0,2,-1
187600,,,TOMATOES,XIRECS,4988.0,3,-1
188300,,,TOMATOES,XIRECS,5002.0,5,-1
189000,,,TOMATOES,XIRECS,4987.0,3,-1
191700,,,TOMATOES,XIRECS,5000.0,3,-1
192700,,,TOMATOES,XIRECS,4984.0,3,-1
195700,,,TOMATOES,XIRECS,4991.0,3,-1
202200,,,TOMATOES,XIRECS,5005.0,3,-1
203600,,,TOMATOES,XIRECS,5002.0,4,-1
206300,,,TOMATOES,XIRECS,5002.0,2,-1
206400,,,TOMATOES,XIRECS,4989.0,3,-1
207200,,,TOMATOES,XIRECS,4988.0,4,-1
207500,,,EMERALDS,XIRECS,10008.0,7,-1
210000,,,EMERALDS,XIRECS,9992.0,6,-1
212200,,,EMERALDS,XIRECS,9992.0,5,-1
212200,,,TOMATOES,XIRECS,4995.0,4,-1
213300,,,TOMATOES,XIRECS,4993.0,2,-1
215500,,,TOMATOES,XIRECS,5003.0,3,-1
216000,,,TOMATOES,XIRECS,5001.0,4,-1
218400,,,EMERALDS,XIRECS,10008.0,3,-1
218700,,,TOMATOES,XIRECS,4999.0,4,-1
218800,,,TOMATOES,XIRECS,4984.0,5,-1
218900,,,TOMATOES,XIRECS,4986.0,2,-1
219300,,,EMERALDS,XIRECS,10008.0,3,-1
225900,,,EMERALDS,XIRECS,10008.0,8,-1
226300,,,TOMATOES,XIRECS,4997.0,5,-1
227300,,,TOMATOES,XIRECS,4998.0,5,-1
229400,,,TOMATOES,XIRECS,4980.0,3,-1
231600,,,TOMATOES,XIRECS,4982.0,3,-1
233200,,,TOMATOES,XIRECS,4990.0,3,-1
234400,,,EMERALDS,XIRECS,10008.0,8,-1
236300,,,EMERALDS,XIRECS,10008.0,3,-1
239100,,,TOMATOES,XIRECS,4990.0,5,-1
242000,,,EMERALDS,XIRECS,10008.0,5,-1
243600,,,EMERALDS,XIRECS,9992.0,4,-1
248700,,,TOMATOES,XIRECS,4981.0,4,-1
249000,,,TOMATOES,XIRECS,4994.0,4,-1
249800,,,TOMATOES,XIRECS,4991.0,2,-1
250200,,,TOMATOES,XIRECS,4991.0,2,-1
251800,,,TOMATOES,XIRECS,4991.0,2,-1
252300,,,TOMATOES,XIRECS,4977.0,4,-1
259000,,,TOMATOES,XIRECS,4982.0,3,-1
261900,,,TOMATOES,XIRECS,4984.0,3,-1
262900,,,EMERALDS,XIRECS,10008.0,8,-1
267600,,,TOMATOES,XIRECS,4978.0,3,-1
269100,,,TOMATOES,XIRECS,4993.0,2,-1
269700,,,TOMATOES,XIRECS,4987.0,4,-1
274300,,,TOMATOES,XIRECS,4983.0,2,-1
276300,,,TOMATOES,XIRECS,4981.0,5,-1
278600,,,TOMATOES,XIRECS,4982.0,4,-1
280400,,,TOMATOES,XIRECS,4989.0,5,-1
281700,,,TOMATOES,XIRECS,4977.0,4,-1
282200,,,TOMATOES,XIRECS,4989.0,4,-1
282500,,,TOMATOES,XIRECS,4990.0,5,-1
282600,,,TOMATOES,XIRECS,4989.0,3,-1
285700,,,EMERALDS,XIRECS,9992.0,6,-1
286800,,,TOMATOES,XIRECS,4989.0,2,-1
288700,,,TOMATOES,XIRECS,4993.0,2,-1
290400,,,TOMATOES,XIRECS,4990.0,3,-1
291700,,,TOMATOES,XIRECS,4978.0,5,-1
294500,,,EMERALDS,XIRECS,10008.0,4,-1
296100,,,TOMATOES,XIRECS,4979.0,5,-1
296700,,,TOMATOES,XIRECS,4994.0,5,-1
297400,,,EMERALDS,XIRECS,9992.0,7,-1
298900,,,EMERALDS,XIRECS,9992.0,7,-1
300000,,,EMERALDS,XIRECS,10008.0,5,-1
300100,,,TOMATOES,XIRECS,4994.0,2,-1
301000,,,TOMATOES,XIRECS,4992.0,4,-1
305700,,,TOMATOES,XIRECS,4990.0,4,-1
307900,,,TOMATOES,XIRECS,4974.0,2,-1
308200,,,TOMATOES,XIRECS,4973.0,3,-1
309300,,,EMERALDS,XIRECS,10008.0,4,-1
312600,,,TOMATOES,XIRECS,4976.0,3,-1
314200,,,TOMATOES,XIRECS,4988.0,3,-1
314400,,,EMERALDS,XIRECS,9992.0,8,-1
315900,,,EMERALDS,XIRECS,9992.0,8,-1
316000,,,TOMATOES,XIRECS,4973.0,3,-1
316400,,,TOMATOES,XIRECS,4974.0,3,-1
318400,,,TOMATOES,XIRECS,4991.0,4,-1
323700,,,TOMATOES,XIRECS,4991.0,5,-1
325600,,,TOMATOES,XIRECS,4978.0,2,-1
326400,,,TOMATOES,XIRECS,4993.0,3,-1
326800,,,TOMATOES,XIRECS,4979.0,3,-1
326900,,,TOMATOES,XIRECS,4993.0,2,-1
327400,,,EMERALDS,XIRECS,9992.0,4,-1
328200,,,TOMATOES,XIRECS,4994.0,2,-1
328900,,,TOMATOES,XIRECS,4980.0,5,-1
329400,,,TOMATOES,XIRECS,4980.0,5,-1
330300,,,TOMATOES,XIRECS,4981.0,4,-1
331300,,,TOMATOES,XIRECS,4993.0,5,-1
331400,,,TOMATOES,XIRECS,4992.0,3,-1
331600,,,TOMATOES,XIRECS,4991.0,4,-1
333000,,,TOMATOES,XIRECS,4979.0,2,-1
335500,,,EMERALDS,XIRECS,10000.0,3,-1
336100,,,EMERALDS,XIRECS,10008.0,8,-1
339400,,,TOMATOES,XIRECS,4994.0,3,-1
343200,,,TOMATOES,XIRECS,4985.0,4,-1
351500,,,TOMATOES,XIRECS,5000.0,5,-1
353400,,,TOMATOES,XIRECS,5002.0,2,-1
353600,,,TOMATOES,XIRECS,4996.0,2,-1
356500,,,EMERALDS,XIRECS,10008.0,8,-1
360100,,,EMERALDS,XIRECS,9992.0,5,-1
360700,,,TOMATOES,XIRECS,5007.0,4,-1
364000,,,TOMATOES,XIRECS,4990.0,3,-1
366100,,,TOMATOES,XIRECS,4999.0,2,-1
366200,,,TOMATOES,XIRECS,5007.0,4,-1
368200,,,TOMATOES,XIRECS,5005.0,4,-1
368300,,,TOMATOES,XIRECS,5004.0,4,-1
368900,,,TOMATOES,XIRECS,4988.0,4,-1
369300,,,EMERALDS,XIRECS,9992.0,4,-1
370700,,,TOMATOES,XIRECS,4989.0,2,-1
374500,,,TOMATOES,XIRECS,5000.0,2,-1
375500,,,TOMATOES,XIRECS,5000.0,4,-1
380300,,,TOMATOES,XIRECS,5000.0,3,-1
383000,,,TOMATOES,XIRECS,4999.0,4,-1
383600,,,EMERALDS,XIRECS,10008.0,5,-1
384400,,,TOMATOES,XIRECS,4989.0,5,-1
385100,,,EMERALDS,XIRECS,10008.0,5,-1
385300,,,TOMATOES,XIRECS,4991.0,4,-1
388600,,,TOMATOES,XIRECS,4990.0,2,-1
388900,,,TOMATOES,XIRECS,4996.0,5,-1
390000,,,TOMATOES,XIRECS,5005.0,5,-1
390100,,,TOMATOES,XIRECS,5006.0,5,-1
390600,,,TOMATOES,XIRECS,5005.0,4,-1
392300,,,EMERALDS,XIRECS,9992.0,5,-1
392600,,,TOMATOES,XIRECS,5004.0,2,-1
396700,,,EMERALDS,XIRECS,9992.0,4,-1
398500,,,EMERALDS,XIRECS,10000.0,4,-1
398600,,,TOMATOES,XIRECS,4986.0,2,-1
400200,,,TOMATOES,XIRECS,4991.0,6,-1
401400,,,TOMATOES,XIRECS,5000.0,3,-1
402200,,,TOMATOES,XIRECS,4988.0,5,-1
403300,,,EMERALDS,XIRECS,9992.0,6,-1
404900,,,TOMATOES,XIRECS,4998.0,5,-1
405200,,,TOMATOES,XIRECS,4983.0,5,-1
407000,,,TOMATOES,XIRECS,4983.0,3,-1
408400,,,TOMATOES,XIRECS,4983.0,4,-1
408700,,,TOMATOES,XIRECS,4983.0,3,-1
410300,,,TOMATOES,XIRECS,4981.0,3,-1
412400,,,EMERALDS,XIRECS,9992.0,5,-1
413800,,,TOMATOES,XIRECS,4982.0,5,-1
414500,,,TOMATOES,XIRECS,4981.0,4,-1
414600,,,TOMATOES,XIRECS,4980.0,2,-1
415000,,,TOMATOES,XIRECS,4994.0,3,-1
415300,,,TOMATOES,XIRECS,4982.0,5,-1
415900,,,EMERALDS,XIRECS,10000.0,6,-1
416000,,,EMERALDS,XIRECS,9992.0,7,-1
416200,,,TOMATOES,XIRECS,4980.0,4,-1
416500,,,EMERALDS,XIRECS,10008.0,5,-1
417600,,,TOMATOES,XIRECS,4993.0,2,-1
417700,,,TOMATOES,XIRECS,4993.0,2,-1
418000,,,EMERALDS,XIRECS,9992.0,4,-1
420000,,,TOMATOES,XIRECS,4996.0,4,-1
421600,,,TOMATOES,XIRECS,4997.0,5,-1
422000,,,TOMATOES,XIRECS,4998.0,5,-1
422800,,,TOMATOES,XIRECS,4981.0,2,-1
424700,,,EMERALDS,XIRECS,10008.0,6,-1
426700,,,EMERALDS,XIRECS,9992.0,5,-1
427100,,,TOMATOES,XIRECS,4985.0,3,-1
431400,,,TOMATOES,XIRECS,4987.0,5,-1
434400,,,EMERALDS,XIRECS,9992.0,8,-1
438400,,,TOMATOES,XIRECS,5001.0,5,-1
439100,,,EMERALDS,XIRECS,10008.0,5,-1
439400,,,EMERALDS,XIRECS,9992.0,7,-1
440400,,,TOMATOES,XIRECS,5000.0,4,-1
442600,,,EMERALDS,XIRECS,9992.0,6,-1
443900,,,TOMATOES,XIRECS,5003.0,4,-1
446900,,,TOMATOES,XIRECS,4993.0,3,-1
447400,,,EMERALDS,XIRECS,10000.0,4,-1
447600,,,TOMATOES,XIRECS,5005.0,4,-1
450300,,,EMERALDS,XIRECS,10008.0,6,-1
450700,,,TOMATOES,XIRECS,5007.0,4,-1
453700,,,EMERALDS,XIRECS,10008.0,5,-1
453800,,,EMERALDS,XIRECS,9992.0,5,-1
453900,,,TOMATOES,XIRECS,4997.0,3,-1
454000,,,TOMATOES,XIRECS,4997.0,4,-1
455400,,,EMERALDS,XIRECS,10008.0,6,-1
456500,,,TOMATOES,XIRECS,4994.0,2,-1
457400,,,TOMATOES,XIRECS,4996.0,5,-1
457700,,,TOMATOES,XIRECS,5009.0,4,-1
458200,,,EMERALDS,XIRECS,9992.0,6,-1
459800,,,EMERALDS,XIRECS,10008.0,4,-1
460700,,,EMERALDS,XIRECS,9992.0,7,-1
463900,,,EMERALDS,XIRECS,10008.0,8,-1
465000,,,TOMATOES,XIRECS,5002.0,5,-1
467200,,,EMERALDS,XIRECS,9992.0,6,-1
471900,,,EMERALDS,XIRECS,9992.0,7,-1
472800,,,EMERALDS,XIRECS,10008.0,7,-1
479200,,,EMERALDS,XIRECS,10008.0,3,-1
479600,,,EMERALDS,XIRECS,10008.0,7,-1
481500,,,TOMATOES,XIRECS,4992.0,2,-1
483900,,,EMERALDS,XIRECS,10008.0,6,-1
484200,,,EMERALDS,XIRECS,10008.0,5,-1
487200,,,TOMATOES,XIRECS,4976.0,5,-1
490300,,,TOMATOES,XIRECS,4972.0,4,-1
493100,,,TOMATOES,XIRECS,4973.0,3,-1
493900,,,EMERALDS,XIRECS,9992.0,6,-1
495500,,,TOMATOES,XIRECS,4974.0,5,-1
495700,,,TOMATOES,XIRECS,4978.0,4,-1
498300,,,TOMATOES,XIRECS,4972.0,4,-1
498400,,,TOMATOES,XIRECS,4986.0,5,-1
500100,,,TOMATOES,XIRECS,4971.0,3,-1
501700,,,TOMATOES,XIRECS,4970.0,4,-1
501900,,,TOMATOES,XIRECS,4970.0,2,-1
506500,,,EMERALDS,XIRECS,10008.0,6,-1
508700,,,TOMATOES,XIRECS,4969.0,5,-1
509300,,,TOMATOES,XIRECS,4982.0,2,-1
509600,,,EMERALDS,XIRECS,9992.0,3,-1
512300,,,EMERALDS,XIRECS,9992.0,7,-1
513500,,,EMERALDS,XIRECS,9992.0,7,-1
516200,,,TOMATOES,XIRECS,4965.0,4,-1
516500,,,EMERALDS,XIRECS,10008.0,6,-1
520100,,,TOMATOES,XIRECS,4981.0,3,-1
520300,,,TOMATOES,XIRECS,4967.0,2,-1
524900,,,EMERALDS,XIRECS,9992.0,5,-1
525500,,,TOMATOES,XIRECS,4974.0,4,-1
526400,,,TOMATOES,XIRECS,4987.0,2,-1
532400,,,TOMATOES,XIRECS,4986.0,5,-1
533600,,,EMERALDS,XIRECS,9992.0,7,-1
534800,,,TOMATOES,XIRECS,4976.0,5,-1
536100,,,TOMATOES,XIRECS,4975.0,4,-1
536900,,,TOMATOES,XIRECS,4988.0,2,-1
537800,,,TOMATOES,XIRECS,4975.0,5,-1
538500,,,TOMATOES,XIRECS,4989.0,4,-1
544100,,,TOMATOES,XIRECS,4970.0,3,-1
546900,,,TOMATOES,XIRECS,4965.0,2,-1
547600,,,TOMATOES,XIRECS,4978.0,3,-1
548300,,,TOMATOES,XIRECS,4964.0,3,-1
551300,,,TOMATOES,XIRECS,4962.0,5,-1
552000,,,TOMATOES,XIRECS,4963.0,2,-1
554200,,,TOMATOES,XIRECS,4979.0,5,-1
555400,,,EMERALDS,XIRECS,10008.0,4,-1
555500,,,EMERALDS,XIRECS,10008.0,4,-1
558100,,,TOMATOES,XIRECS,4965.0,4,-1
559100,,,TOMATOES,XIRECS,4979.0,2,-1
559200,,,EMERALDS,XIRECS,10008.0,7,-1
561800,,,TOMATOES,XIRECS,4967.0,3,-1
562700,,,TOMATOES,XIRECS,4969.0,4,-1
567700,,,EMERALDS,XIRECS,9992.0,5,-1
568900,,,EMERALDS,XIRECS,9992.0,5,-1
572200,,,EMERALDS,XIRECS,10008.0,4,-1
575500,,,TOMATOES,XIRECS,4966.0,5,-1
575900,,,EMERALDS,XIRECS,10008.0,4,-1
575900,,,TOMATOES,XIRECS,4967.0,5,-1
576200,,,TOMATOES,XIRECS,4966.0,3,-1
576500,,,TOMATOES,XIRECS,4967.0,2,-1
577000,,,EMERALDS,XIRECS,9992.0,3,-1
578200,,,EMERALDS,XIRECS,10008.0,3,-1
579400,,,TOMATOES,XIRECS,4981.0,2,-1
579500,,,EMERALDS,XIRECS,9992.0,5,-1
583400,,,TOMATOES,XIRECS,4980.0,3,-1
585600,,,EMERALDS,XIRECS,10008.0,4,-1
586600,,,TOMATOES,XIRECS,4963.0,5,-1
587300,,,TOMATOES,XIRECS,4961.0,2,-1
591700,,,TOMATOES,XIRECS,4980.0,5,-1
593900,,,TOMATOES,XIRECS,4964.0,3,-1
595100,,,TOMATOES,XIRECS,4977.0,5,-1
595600,,,TOMATOES,XIRECS,4977.0,3,-1
597400,,,EMERALDS,XIRECS,10008.0,8,-1
598500,,,EMERALDS,XIRECS,9992.0,3,-1
600000,,,TOMATOES,XIRECS,4964.0,5,-1
601100,,,TOMATOES,XIRECS,4977.0,3,-1
601500,,,EMERALDS,XIRECS,10008.0,5,-1
602900,,,TOMATOES,XIRECS,4967.0,5,-1
604600,,,TOMATOES,XIRECS,4980.0,4,-1
604800,,,TOMATOES,XIRECS,4966.0,4,-1
608100,,,TOMATOES,XIRECS,4979.0,4,-1
609700,,,EMERALDS,XIRECS,9992.0,6,-1
610700,,,EMERALDS,XIRECS,10008.0,7,-1
611600,,,TOMATOES,XIRECS,4978.0,4,-1
613800,,,TOMATOES,XIRECS,4969.0,2,-1
615400,,,TOMATOES,XIRECS,4966.0,5,-1
617500,,,TOMATOES,XIRECS,4966.0,4,-1
618400,,,TOMATOES,XIRECS,4967.0,3,-1
618900,,,TOMATOES,XIRECS,4979.0,2,-1
619800,,,TOMATOES,XIRECS,4968.0,4,-1
620900,,,TOMATOES,XIRECS,4968.0,2,-1
625500,,,TOMATOES,XIRECS,4980.0,2,-1
626600,,,TOMATOES,XIRECS,4965.0,2,-1
627300,,,TOMATOES,XIRECS,4979.0,2,-1
629300,,,TOMATOES,XIRECS,4979.0,4,-1
629400,,,TOMATOES,XIRECS,4979.0,3,-1
629500,,,EMERALDS,XIRECS,10008.0,8,-1
630500,,,TOMATOES,XIRECS,4967.0,3,-1
631100,,,EMERALDS,XIRECS,9992.0,6,-1
631600,,,EMERALDS,XIRECS,9992.0,4,-1
632500,,,EMERALDS,XIRECS,10008.0,3,-1
632700,,,TOMATOES,XIRECS,4977.0,3,-1
635200,,,TOMATOES,XIRECS,4958.0,5,-1
635600,,,EMERALDS,XIRECS,9992.0,4,-1
636500,,,TOMATOES,XIRECS,4958.0,3,-1
642300,,,EMERALDS,XIRECS,9992.0,3,-1
643400,,,EMERALDS,XIRECS,10000.0,6,-1
643700,,,TOMATOES,XIRECS,4969.0,2,-1
644600,,,TOMATOES,XIRECS,4970.0,4,-1
646200,,,EMERALDS,XIRECS,10008.0,8,-1
648600,,,TOMATOES,XIRECS,4973.0,2,-1
650800,,,EMERALDS,XIRECS,9992.0,6,-1
653400,,,TOMATOES,XIRECS,4980.0,3,-1
655000,,,TOMATOES,XIRECS,4975.0,4,-1
655500,,,TOMATOES,XIRECS,4973.0,5,-1
657600,,,TOMATOES,XIRECS,4961.0,5,-1
659700,,,TOMATOES,XIRECS,4960.0,2,-1
662200,,,EMERALDS,XIRECS,9992.0,8,-1
662700,,,EMERALDS,XIRECS,10008.0,6,-1
664100,,,EMERALDS,XIRECS,10008.0,6,-1
664800,,,TOMATOES,XIRECS,4964.0,3,-1
665500,,,TOMATOES,XIRECS,4974.0,3,-1
667000,,,EMERALDS,XIRECS,9992.0,4,-1
667200,,,TOMATOES,XIRECS,4974.0,4,-1
669400,,,TOMATOES,XIRECS,4975.0,2,-1
672000,,,EMERALDS,XIRECS,10008.0,7,-1
673600,,,TOMATOES,XIRECS,4959.0,4,-1
674600,,,EMERALDS,XIRECS,9992.0,5,-1
674700,,,TOMATOES,XIRECS,4959.0,3,-1
680100,,,EMERALDS,XIRECS,9992.0,8,-1
681100,,,EMERALDS,XIRECS,9992.0,8,-1
681400,,,EMERALDS,XIRECS,9992.0,5,-1
682700,,,TOMATOES,XIRECS,4971.0,2,-1
686600,,,TOMATOES,XIRECS,4960.0,4,-1
687200,,,TOMATOES,XIRECS,4958.0,2,-1
690700,,,TOMATOES,XIRECS,4967.0,2,-1
690800,,,EMERALDS,XIRECS,9992.0,3,-1
697100,,,TOMATOES,XIRECS,4955.0,5,-1
699400,,,EMERALDS,XIRECS,10008.0,6,-1
705800,,,EMERALDS,XIRECS,10008.0,3,-1
706000,,,TOMATOES,XIRECS,4950.0,4,-1
708700,,,TOMATOES,XIRECS,4948.0,5,-1
709800,,,TOMATOES,XIRECS,4948.0,3,-1
710900,,,EMERALDS,XIRECS,9992.0,6,-1
712800,,,TOMATOES,XIRECS,4948.0,4,-1
713600,,,EMERALDS,XIRECS,10008.0,3,-1
714900,,,TOMATOES,XIRECS,4960.0,5,-1
715500,,,TOMATOES,XIRECS,4960.0,2,-1
718300,,,TOMATOES,XIRECS,4947.0,2,-1
718500,,,TOMATOES,XIRECS,4946.0,3,-1
719500,,,TOMATOES,XIRECS,4959.0,3,-1
720800,,,TOMATOES,XIRECS,4945.0,2,-1
721100,,,TOMATOES,XIRECS,4946.0,3,-1
722000,,,TOMATOES,XIRECS,4958.0,2,-1
722200,,,EMERALDS,XIRECS,10008.0,4,-1
722400,,,TOMATOES,XIRECS,4959.0,4,-1
724900,,,TOMATOES,XIRECS,4958.0,5,-1
726500,,,TOMATOES,XIRECS,4947.0,3,-1
727400,,,EMERALDS,XIRECS,10008.0,5,-1
732600,,,EMERALDS,XIRECS,10008.0,7,-1
733000,,,TOMATOES,XIRECS,4943.0,3,-1
733900,,,TOMATOES,XIRECS,4945.0,5,-1
734000,,,TOMATOES,XIRECS,4944.0,2,-1
735100,,,TOMATOES,XIRECS,4945.0,4,-1
735900,,,TOMATOES,XIRECS,4961.0,4,-1
736200,,,TOMATOES,XIRECS,4947.0,2,-1
738100,,,EMERALDS,XIRECS,10000.0,5,-1
738700,,,EMERALDS,XIRECS,10008.0,5,-1
741500,,,TOMATOES,XIRECS,4968.0,4,-1
744500,,,EMERALDS,XIRECS,9992.0,4,-1
747700,,,TOMATOES,XIRECS,4955.0,3,-1
748500,,,TOMATOES,XIRECS,4967.0,5,-1
748600,,,EMERALDS,XIRECS,10008.0,6,-1
750100,,,TOMATOES,XIRECS,4966.0,3,-1
750500,,,TOMATOES,XIRECS,4953.0,3,-1
751800,,,EMERALDS,XIRECS,10008.0,3,-1
751800,,,TOMATOES,XIRECS,4970.0,4,-1
752200,,,TOMATOES,XIRECS,4970.0,3,-1
753700,,,EMERALDS,XIRECS,10008.0,3,-1
756500,,,EMERALDS,XIRECS,10008.0,5,-1
757300,,,EMERALDS,XIRECS,10008.0,6,-1
757900,,,TOMATOES,XIRECS,4976.0,2,-1
758600,,,TOMATOES,XIRECS,4962.0,2,-1
759900,,,EMERALDS,XIRECS,9992.0,4,-1
760100,,,EMERALDS,XIRECS,10008.0,8,-1
762200,,,TOMATOES,XIRECS,4964.0,5,-1
762400,,,EMERALDS,XIRECS,10008.0,7,-1
762500,,,TOMATOES,XIRECS,4976.0,4,-1
764200,,,EMERALDS,XIRECS,10008.0,8,-1
767200,,,TOMATOES,XIRECS,4969.0,3,-1
768100,,,TOMATOES,XIRECS,4956.0,3,-1
768500,,,TOMATOES,XIRECS,4968.0,2,-1
768800,,,TOMATOES,XIRECS,4953.0,4,-1
774400,,,TOMATOES,XIRECS,4968.0,3,-1
778700,,,TOMATOES,XIRECS,4966.0,2,-1
779100,,,TOMATOES,XIRECS,4964.0,4,-1
780500,,,TOMATOES,XIRECS,4966.0,3,-1
781400,,,EMERALDS,XIRECS,9992.0,6,-1
782800,,,TOMATOES,XIRECS,4953.0,3,-1
785400,,,TOMATOES,XIRECS,4963.0,2,-1
785800,,,EMERALDS,XIRECS,9992.0,6,-1
789300,,,TOMATOES,XIRECS,4967.0,5,-1
791600,,,TOMATOES,XIRECS,4949.0,3,-1
792000,,,TOMATOES,XIRECS,4949.0,3,-1
792200,,,EMERALDS,XIRECS,9992.0,4,-1
792400,,,TOMATOES,XIRECS,4950.0,5,-1
792800,,,TOMATOES,XIRECS,4964.0,3,-1
795800,,,TOMATOES,XIRECS,4951.0,4,-1
798200,,,TOMATOES,XIRECS,4954.0,5,-1
800600,,,EMERALDS,XIRECS,10008.0,5,-1
803500,,,TOMATOES,XIRECS,4967.0,4,-1
804100,,,TOMATOES,XIRECS,4962.0,5,-1
805400,,,TOMATOES,XIRECS,4954.0,5,-1
807500,,,TOMATOES,XIRECS,4957.0,4,-1
809700,,,TOMATOES,XIRECS,4958.0,4,-1
809800,,,TOMATOES,XIRECS,4972.0,3,-1
810900,,,EMERALDS,XIRECS,9992.0,8,-1
815200,,,EMERALDS,XIRECS,9992.0,3,-1
816000,,,TOMATOES,XIRECS,4974.0,2,-1
816300,,,TOMATOES,XIRECS,4975.0,2,-1
816400,,,TOMATOES,XIRECS,4976.0,3,-1
816600,,,TOMATOES,XIRECS,4975.0,2,-1
817300,,,EMERALDS,XIRECS,9992.0,6,-1
817900,,,TOMATOES,XIRECS,4959.0,3,-1
818400,,,TOMATOES,XIRECS,4957.0,2,-1
822000,,,EMERALDS,XIRECS,9992.0,3,-1
826000,,,TOMATOES,XIRECS,4967.0,2,-1
827400,,,TOMATOES,XIRECS,4968.0,2,-1
828100,,,EMERALDS,XIRECS,10008.0,7,-1
829700,,,TOMATOES,XIRECS,4969.0,2,-1
830800,,,TOMATOES,XIRECS,4952.0,2,-1
830900,,,TOMATOES,XIRECS,4952.0,4,-1
831900,,,TOMATOES,XIRECS,4952.0,5,-1
832300,,,EMERALDS,XIRECS,10008.0,3,-1
832400,,,TOMATOES,XIRECS,4952.0,3,-1
834800,,,EMERALDS,XIRECS,9992.0,7,-1
840800,,,TOMATOES,XIRECS,4967.0,2,-1
842700,,,EMERALDS,XIRECS,10008.0,6,-1
846500,,,TOMATOES,XIRECS,4954.0,2,-1
847600,,,TOMATOES,XIRECS,4957.0,5,-1
848100,,,EMERALDS,XIRECS,10008.0,8,-1
848400,,,TOMATOES,XIRECS,4967.0,3,-1
850100,,,EMERALDS,XIRECS,9992.0,5,-1
854500,,,TOMATOES,XIRECS,4964.0,3,-1
858300,,,TOMATOES,XIRECS,4951.0,5,-1
858700,,,TOMATOES,XIRECS,4948.0,4,-1
861100,,,TOMATOES,XIRECS,4961.0,2,-1
862500,,,TOMATOES,XIRECS,4963.0,5,-1
862700,,,EMERALDS,XIRECS,10008.0,6,-1
863700,,,EMERALDS,XIRECS,9992.0,6,-1
864500,,,EMERALDS,XIRECS,9992.0,7,-1
864600,,,EMERALDS,XIRECS,10008.0,5,-1
865700,,,TOMATOES,XIRECS,4967.0,5,-1
866200,,,TOMATOES,XIRECS,4953.0,2,-1
868100,,,TOMATOES,XIRECS,4964.0,4,-1
869800,,,TOMATOES,XIRECS,4949.0,3,-1
870700,,,EMERALDS,XIRECS,10008.0,5,-1
874400,,,TOMATOES,XIRECS,4951.0,3,-1
875500,,,TOMATOES,XIRECS,4955.0,5,-1
875800,,,EMERALDS,XIRECS,10008.0,6,-1
877100,,,TOMATOES,XIRECS,4957.0,4,-1
881200,,,EMERALDS,XIRECS,9992.0,8,-1
881400,,,EMERALDS,XIRECS,9992.0,7,-1
883400,,,EMERALDS,XIRECS,10008.0,5,-1
885900,,,EMERALDS,XIRECS,9992.0,4,-1
885900,,,TOMATOES,XIRECS,4977.0,4,-1
886500,,,TOMATOES,XIRECS,4980.0,3,-1
886900,,,TOMATOES,XIRECS,4968.0,4,-1
890500,,,TOMATOES,XIRECS,4971.0,4,-1
893100,,,TOMATOES,XIRECS,4963.0,2,-1
894400,,,EMERALDS,XIRECS,10008.0,4,-1
899100,,,TOMATOES,XIRECS,4959.0,3,-1
900100,,,TOMATOES,XIRECS,4972.0,4,-1
900200,,,EMERALDS,XIRECS,10008.0,8,-1
900300,,,TOMATOES,XIRECS,4958.0,2,-1
900900,,,TOMATOES,XIRECS,4955.0,3,-1
904500,,,EMERALDS,XIRECS,9992.0,3,-1
905000,,,EMERALDS,XIRECS,10008.0,7,-1
905600,,,EMERALDS,XIRECS,10008.0,5,-1
908200,,,TOMATOES,XIRECS,4962.0,4,-1
909100,,,EMERALDS,XIRECS,9992.0,6,-1
909200,,,TOMATOES,XIRECS,4977.0,2,-1
909400,,,EMERALDS,XIRECS,9992.0,4,-1
911100,,,TOMATOES,XIRECS,4977.0,3,-1
911500,,,TOMATOES,XIRECS,4964.0,2,-1
912500,,,TOMATOES,XIRECS,4976.0,4,-1
913800,,,TOMATOES,XIRECS,4962.0,5,-1
914300,,,TOMATOES,XIRECS,4974.0,2,-1
915100,,,EMERALDS,XIRECS,9992.0,3,-1
920000,,,TOMATOES,XIRECS,4957.0,4,-1
924600,,,EMERALDS,XIRECS,10008.0,4,-1
925200,,,TOMATOES,XIRECS,4968.0,3,-1
925500,,,TOMATOES,XIRECS,4967.0,2,-1
925800,,,TOMATOES,XIRECS,4954.0,2,-1
926600,,,TOMATOES,XIRECS,4968.0,3,-1
928700,,,EMERALDS,XIRECS,10008.0,5,-1
929200,,,TOMATOES,XIRECS,4970.0,4,-1
931900,,,EMERALDS,XIRECS,10008.0,3,-1
933700,,,TOMATOES,XIRECS,4967.0,5,-1
935000,,,TOMATOES,XIRECS,4968.0,2,-1
938200,,,TOMATOES,XIRECS,4972.0,5,-1
940100,,,EMERALDS,XIRECS,10008.0,4,-1
940200,,,TOMATOES,XIRECS,4972.0,5,-1
940300,,,TOMATOES,XIRECS,4959.0,2,-1
940900,,,EMERALDS,XIRECS,9992.0,6,-1
941400,,,EMERALDS,XIRECS,10008.0,7,-1
948000,,,TOMATOES,XIRECS,4953.0,3,-1
950400,,,TOMATOES,XIRECS,4966.0,3,-1
951800,,,TOMATOES,XIRECS,4953.0,2,-1
952000,,,EMERALDS,XIRECS,9992.0,6,-1
954400,,,EMERALDS,XIRECS,10008.0,8,-1
955600,,,EMERALDS,XIRECS,9992.0,3,-1
957600,,,TOMATOES,XIRECS,4948.0,5,-1
967400,,,TOMATOES,XIRECS,4964.0,5,-1
968200,,,EMERALDS,XIRECS,10008.0,6,-1
969600,,,EMERALDS,XIRECS,10008.0,6,-1
969700,,,TOMATOES,XIRECS,4964.0,3,-1
972900,,,EMERALDS,XIRECS,9992.0,5,-1
973400,,,EMERALDS,XIRECS,10008.0,8,-1
977900,,,TOMATOES,XIRECS,4952.0,5,-1
979000,,,TOMATOES,XIRECS,4965.0,5,-1
979200,,,EMERALDS,XIRECS,10008.0,6,-1
982500,,,TOMATOES,XIRECS,4950.0,3,-1
982900,,,EMERALDS,XIRECS,10008.0,6,-1
983800,,,EMERALDS,XIRECS,10008.0,3,-1
985100,,,TOMATOES,XIRECS,4946.0,2,-1
985600,,,EMERALDS,XIRECS,10008.0,6,-1
993000,,,TOMATOES,XIRECS,4956.0,2,-1
995600,,,TOMATOES,XIRECS,4958.0,3,-1
